Start,End,SleepQuality,SleepHours,WakeUp,SleepNotes,HeartRate,ActivitySteps
8/17/2022 22:57,12/30/2014 7:30,100%,8:32,:),,59,0
8/16/2022 21:17,12/30/2014 21:33,3%,0:16,:|,Stressful day,72,0
8/15/2022 22:42,12/31/2014 7:13,98%,8:30,:|,,57,0
8/18/2022 22:31,1/1/2022 6:03,65%,7:32,,,,0
1/1/2022 22:12,1/2/2022 4:56,72%,6:44,:),Drank coffee:Drank tea,68,0
1/3/2022 0:34,1/3/2022 7:47,83%,7:12,:),Drank coffee:Drank tea,60,0
1/4/2022 0:23,1/4/2022 7:37,78%,7:14,,Drank tea,,0
1/4/2022 21:34,1/5/2022 4:53,78%,7:18,:),Ate late:Drank coffee,57,0
1/5/2022 21:32,1/6/2022 5:00,69%,7:27,:),Drank coffee:Drank tea:Worked out,56,0
1/6/2022 21:24,1/7/2022 5:00,74%,7:35,:|,Drank tea:Worked out,64,0
1/7/2022 20:59,1/8/2022 6:19,81%,9:19,:),Drank coffee:Drank tea:Stressful day,62,0
1/8/2022 22:58,1/9/2022 6:14,88%,7:16,:),Drank coffee:Drank tea,58,0
1/9/2022 22:27,1/10/2022 7:29,77%,9:01,:|,Drank coffee:Drank tea,65,0
1/10/2022 22:38,1/11/2022 7:28,89%,8:50,:|,Drank coffee:Drank tea,65,0
1/11/2022 22:12,1/12/2022 6:20,78%,8:08,:),Drank tea,53,0
1/12/2022 21:01,1/13/2022 6:13,100%,9:11,:),Drank tea:Worked out,65,0
1/13/2022 22:14,1/14/2022 6:20,100%,8:06,:),Drank coffee:Drank tea,55,0
1/14/2022 21:48,1/15/2022 5:02,88%,7:13,:),Drank coffee:Drank tea:Worked out,60,0
1/15/2022 21:32,1/16/2022 4:54,87%,7:22,:),Drank tea,60,0
1/17/2022 2:11,1/17/2022 9:03,83%,6:51,:),Drank coffee:Drank tea,94,0
1/17/2022 23:55,1/18/2022 7:47,93%,7:51,:),Drank coffee:Drank tea,57,0
1/18/2022 21:51,1/19/2022 5:04,58%,7:12,:),Drank coffee,67,0
1/19/2022 5:06,1/19/2022 6:20,16%,1:13,:),,58,0
1/19/2022 21:45,1/20/2022 5:45,75%,8:00,:|,Drank coffee:Drank tea:Worked out,54,0
1/20/2022 21:42,1/21/2022 5:45,80%,8:02,:|,Drank coffee:Drank tea:Worked out,60,0
1/21/2022 22:34,1/22/2022 6:17,87%,7:42,:),Drank coffee:Drank tea:Worked out,75,0
1/25/2022 20:55,1/26/2022 6:14,87%,9:19,:),Drank coffee,58,0
1/26/2022 22:36,1/27/2022 6:11,83%,7:35,:|,Drank coffee:Drank tea:Stressful day,66,0
1/28/2022 21:43,1/29/2022 5:20,76%,7:37,:),Drank coffee:Drank tea:Stressful day,57,0
1/29/2022 22:23,1/30/2022 5:29,67%,7:05,:),Drank coffee:Drank tea:Worked out,63,0
1/31/2022 0:13,1/31/2022 8:17,93%,8:03,:),Drank coffee:Drank tea:Stressful day,62,0
2/1/2022 21:55,2/2/2022 5:09,64%,7:13,:),Drank coffee:Drank tea,56,0
2/2/2022 22:30,2/3/2022 6:20,75%,7:49,:),Drank tea,61,0
2/3/2022 22:47,2/4/2022 6:20,72%,7:32,:),Drank coffee:Drank tea,61,0
2/4/2022 23:03,2/5/2022 6:10,70%,7:07,:),Drank tea:Worked out,57,0
2/8/2022 22:30,2/9/2022 6:48,89%,8:17,:),Drank coffee:Drank tea,61,0
2/9/2022 21:55,2/10/2022 6:13,85%,8:17,:),Drank coffee,58,0
2/10/2022 22:20,2/11/2022 6:20,59%,8:00,:),Drank coffee,60,0
2/11/2022 21:53,2/12/2022 5:30,67%,7:36,:),Drank coffee:Drank tea:Worked out,57,0
2/12/2022 22:34,2/13/2022 5:24,69%,6:49,:),Drank coffee:Drank tea:Worked out,53,0
2/15/2022 22:16,2/16/2022 5:20,74%,7:04,:),Drank coffee,60,0
2/17/2022 0:02,2/17/2022 6:16,78%,6:13,:),Drank coffee:Drank tea:Worked out,65,0
2/17/2022 22:20,2/18/2022 5:05,70%,6:45,:),Drank coffee:Drank tea,55,0
2/19/2022 22:39,2/20/2022 6:20,77%,7:40,:),Drank coffee:Drank tea:Stressful day,66,0
2/21/2022 0:31,2/21/2022 7:32,72%,7:00,:),Drank coffee:Drank tea:Worked out,55,0
2/21/2022 22:54,2/22/2022 7:49,92%,8:55,:),Drank coffee:Drank tea,56,0
2/22/2022 22:18,2/23/2022 6:20,87%,8:02,:),Drank coffee,60,0
2/24/2022 22:30,2/25/2022 6:20,69%,7:49,:),Drank coffee:Drank tea,62,0
2/26/2022 1:22,2/26/2022 7:16,65%,5:54,:|,Drank coffee:Drank tea,,0
2/26/2022 21:42,2/27/2022 5:37,90%,7:54,:),Drank tea:Worked out,61,0
3/1/2022 20:14,3/2/2022 5:44,88%,9:29,:),Drank coffee,62,0
3/3/2022 21:47,3/4/2022 5:30,61%,7:43,:),Drank coffee:Drank tea:Worked out,62,0
3/4/2022 20:53,3/5/2022 6:13,54%,9:19,:),Drank coffee:Drank tea:Stressful day:Worked out,68,0
3/5/2022 22:29,3/6/2022 6:20,86%,7:50,:),Drank coffee:Drank tea,58,0
3/8/2022 22:54,3/9/2022 6:20,69%,7:25,:),Drank coffee,61,0
3/9/2022 21:28,3/10/2022 6:18,99%,8:50,:),Drank coffee:Drank tea,67,0
3/10/2022 22:17,3/11/2022 6:18,82%,8:01,:),Drank coffee:Drank tea,71,0
3/11/2022 21:39,3/12/2022 5:19,77%,7:40,:),Drank coffee:Drank tea,63,0
3/12/2022 21:44,3/13/2022 5:20,72%,7:36,:),Drank coffee:Drank tea:Worked out,60,0
3/15/2022 21:50,3/16/2022 4:51,82%,7:00,:),,62,0
3/16/2022 21:48,3/17/2022 5:21,75%,7:32,:),Drank coffee:Drank tea,54,0
3/17/2022 23:57,3/18/2022 8:01,91%,8:03,:),Drank coffee:Drank tea:Worked out,62,0
3/21/2022 1:10,3/21/2022 8:00,74%,6:49,:),Drank coffee,66,0
3/22/2022 23:07,3/23/2022 7:30,75%,8:22,:),Drank coffee:Drank tea,65,0
3/24/2022 22:11,3/25/2022 6:19,84%,8:07,:),Drank coffee,58,0
3/25/2022 22:00,3/26/2022 5:22,76%,7:22,:),Drank coffee:Drank tea:Worked out,,0
3/26/2022 21:23,3/27/2022 5:26,92%,8:03,:),Drank tea:Worked out,54,0
3/30/2022 22:30,3/31/2022 5:28,82%,6:57,:),Drank coffee:Worked out,64,0
3/31/2022 22:17,4/1/2022 5:50,84%,7:32,:),Drank coffee:Drank tea:Worked out,55,0
4/4/2022 23:13,4/5/2022 7:31,95%,8:17,:),Drank coffee:Drank tea,,0
4/6/2022 21:22,4/7/2022 6:15,79%,8:53,:),Drank coffee:Drank tea,55,0
4/7/2022 21:17,4/8/2022 6:18,100%,9:01,:),Drank tea,51,0
4/8/2022 22:09,4/9/2022 5:02,81%,6:52,:),Drank tea,52,0
4/9/2022 21:56,4/10/2022 5:23,80%,7:27,:),Drank coffee:Drank tea:Worked out,,0
4/10/2022 23:51,4/11/2022 7:41,85%,7:50,:),Drank tea:Worked out,,0
4/11/2022 23:16,4/12/2022 6:53,97%,7:36,:),Drank coffee:Drank tea,52,0
4/12/2022 22:04,4/13/2022 5:41,84%,7:36,:),Drank coffee:Drank tea,58,0
4/13/2022 22:19,4/14/2022 5:45,78%,7:25,:),Drank tea:Worked out,57,0
4/15/2022 0:28,4/15/2022 7:30,81%,7:01,:),Drank coffee:Drank tea:Worked out,63,0
4/16/2022 23:20,4/17/2022 6:20,82%,6:59,:),Drank coffee:Drank tea,58,0
4/17/2022 23:50,4/18/2022 7:22,59%,7:32,:),Drank coffee:Drank tea:Stressful day:Worked out,53,0
4/20/2022 22:37,4/21/2022 6:18,77%,7:40,:),Drank coffee:Drank tea,58,0
4/22/2022 21:31,4/23/2022 5:11,77%,7:39,:),Drank coffee:Drank tea:Stressful day,67,0
4/23/2022 21:46,4/24/2022 5:13,87%,7:26,:),Drank coffee:Drank tea:Stressful day:Worked out,,0
4/25/2022 22:53,4/26/2022 7:53,100%,9:00,:),Drank coffee:Drank tea,61,0
4/26/2022 21:51,4/27/2022 4:59,70%,7:07,:),Ate late:Drank coffee:Drank tea,64,0
4/27/2022 21:35,4/28/2022 4:57,77%,7:21,:),Drank tea:Worked out,59,0
4/28/2022 21:41,4/29/2022 5:00,53%,7:18,:),Drank coffee:Worked out,59,0
4/30/2022 23:13,5/1/2022 6:06,77%,6:52,:),Drank coffee:Drank tea:Stressful day,60,0
5/1/2022 22:20,5/2/2022 6:07,65%,7:46,:),Drank coffee:Worked out,91,0
5/5/2022 22:23,5/6/2022 6:18,83%,7:54,:),Drank coffee:Drank tea:Worked out,62,0
5/6/2022 21:47,5/7/2022 5:21,50%,7:34,:),Ate late:Drank coffee:Drank tea:Worked out,59,0
5/7/2022 21:22,5/8/2022 4:57,89%,7:34,:),Drank tea:Worked out,54,0
5/9/2022 1:58,5/9/2022 7:01,61%,5:03,:),Drank coffee:Drank tea:Stressful day:Worked out,75,0
5/10/2022 22:11,5/11/2022 5:00,66%,6:48,:),Drank coffee:Drank tea:Worked out,50,0
5/11/2022 21:57,5/12/2022 5:00,75%,7:03,:),Drank tea:Worked out,55,0
5/12/2022 22:04,5/13/2022 4:52,72%,6:47,:),Drank tea:Worked out,59,0
5/14/2022 22:49,5/15/2022 6:17,79%,7:28,:),Drank coffee:Drank tea,51,0
5/17/2022 21:03,5/18/2022 7:49,93%,10:46,:),Drank tea:Stressful day,59,0
5/18/2022 22:39,5/19/2022 6:20,91%,7:41,:),,59,0
5/20/2022 22:22,5/21/2022 5:25,59%,7:02,:),Drank tea:Worked out,62,0
5/21/2022 22:47,5/22/2022 5:25,74%,6:38,:),Drank coffee:Drank tea:Worked out,60,0
5/24/2022 0:01,5/24/2022 7:35,73%,7:33,:),Drank coffee:Worked out,,0
5/24/2022 22:58,5/25/2022 6:45,67%,7:47,:),Drank coffee:Drank tea,61,0
5/25/2022 22:05,5/26/2022 5:29,85%,7:23,:),Drank coffee:Drank tea,,0
5/26/2022 22:18,5/27/2022 5:14,69%,6:56,:),Drank coffee:Drank tea:Worked out,,0
5/28/2022 23:10,5/29/2022 7:00,81%,7:49,:),Drank coffee:Drank tea:Worked out,52,0
5/31/2022 23:16,6/1/2022 6:20,72%,7:03,:),Drank coffee,76,0
6/1/2022 22:20,6/2/2022 6:19,76%,7:59,:),Drank coffee:Drank tea:Worked out,57,0
6/3/2022 22:19,6/4/2022 5:20,78%,7:00,:),Drank coffee:Drank tea,64,0
6/4/2022 22:20,6/5/2022 3:45,70%,5:25,:(,Drank coffee:Drank tea:Worked out,,0
6/5/2022 3:45,6/5/2022 5:41,23%,1:55,:),,57,0
6/7/2022 22:01,6/8/2022 5:40,75%,7:39,:),Drank coffee,58,0
6/8/2022 21:57,6/9/2022 5:16,69%,7:19,:),Drank coffee:Drank tea:Worked out,,0
6/9/2022 21:07,6/10/2022 5:01,83%,7:54,:),Drank coffee:Drank tea:Worked out,,0
6/10/2022 21:12,6/11/2022 6:17,92%,9:04,:),Drank tea:Stressful day:Worked out,68,0
6/11/2022 22:54,6/12/2022 6:19,74%,7:25,:),Drank coffee:Worked out,,0
6/14/2022 22:38,6/15/2022 6:12,81%,7:34,:),Drank coffee:Drank tea,,0
6/15/2022 22:31,6/16/2022 6:20,88%,7:48,:),Drank coffee:Drank tea:Worked out,64,0
6/16/2022 22:21,6/17/2022 6:20,69%,7:59,:),Drank coffee:Drank tea:Stressful day:Worked out,,0
6/17/2022 21:28,6/18/2022 5:00,63%,7:31,:),Drank coffee,,0
6/18/2022 22:26,6/19/2022 4:46,71%,6:20,:),Drank coffee:Worked out,,0
6/22/2022 21:54,6/23/2022 5:07,78%,7:13,:),Drank coffee:Worked out,,0
6/23/2022 22:09,6/24/2022 4:57,76%,6:48,:),Drank coffee:Drank tea:Worked out,,0
6/24/2022 4:58,6/24/2022 5:45,10%,0:46,:),,,0
6/24/2022 22:37,6/25/2022 6:20,82%,7:43,:),Drank coffee:Stressful day:Worked out,58,0
7/11/2022 22:29,7/12/2022 8:00,98%,9:31,:),Drank coffee:Stressful day,69,0
7/19/2022 21:38,7/20/2022 6:09,69%,8:31,:),Drank coffee,74,0
7/20/2022 22:01,7/21/2022 5:04,68%,7:03,:),Drank coffee:Drank tea:Worked out,,0
7/21/2022 22:02,7/22/2022 5:45,79%,7:42,:),Drank coffee:Drank tea:Worked out,67,0
7/23/2022 22:29,7/24/2022 6:44,86%,8:14,:),Drank coffee:Stressful day:Worked out,,0
7/26/2022 22:29,7/27/2022 6:20,93%,7:50,:),Drank coffee:Worked out,58,0
7/28/2022 21:32,7/29/2022 5:39,68%,8:07,:),Drank coffee:Drank tea:Stressful day:Worked out,58,0
7/29/2022 23:06,7/30/2022 5:40,71%,6:34,:),Drank coffee:Drank tea:Worked out,61,0
7/30/2022 21:40,7/31/2022 5:40,88%,8:00,:),Drank coffee:Worked out,64,0
8/1/2022 1:41,8/1/2022 8:31,77%,6:49,:),Drank coffee:Drank tea:Worked out,64,0
8/1/2022 22:55,8/2/2022 8:02,97%,9:06,:),Drank coffee:Worked out,,0
8/2/2022 23:45,8/3/2022 0:00,3%,0:15,:|,Drank coffee:Worked out,,0
8/3/2022 0:26,8/3/2022 7:25,88%,6:59,:),Drank coffee:Worked out,68,0
8/3/2022 21:46,8/4/2022 5:00,71%,7:14,:),Drank coffee:Stressful day:Worked out,,0
8/4/2022 21:17,8/5/2022 4:55,81%,7:38,:),Drank coffee:Drank tea:Worked out,,0
8/5/2022 21:35,8/6/2022 4:55,78%,7:19,:),Drank coffee:Drank tea:Worked out,57,0
8/8/2022 0:19,8/8/2022 7:56,97%,7:37,:),Drank coffee:Worked out,54,0
8/10/2022 0:01,8/10/2022 5:03,65%,5:02,:),Drank coffee,,0
8/10/2022 21:11,8/11/2022 6:09,72%,8:58,:),Drank coffee:Drank tea:Worked out,50,0
8/15/2022 23:41,8/16/2022 7:27,84%,7:46,:),Drank coffee,,0
8/16/2022 21:44,8/17/2022 4:45,58%,7:00,:),Drank coffee,56,0
8/17/2022 22:13,8/18/2022 5:27,85%,7:14,:),Drank coffee:Drank tea:Worked out,,0
8/18/2022 22:33,8/19/2022 6:45,90%,8:12,:),Drank coffee:Drank tea:Worked out,57,0
8/19/2022 21:48,8/20/2022 6:01,79%,8:12,:),Drank coffee:Worked out,51,0
8/20/2022 22:36,8/21/2022 6:00,69%,7:23,:),Drank coffee,58,0
8/21/2022 21:52,8/22/2022 6:00,88%,8:07,:),Drank coffee:Stressful day,,0
8/22/2022 21:59,8/23/2022 5:49,90%,7:49,:),Drank coffee,52,0
8/23/2022 21:59,8/24/2022 5:29,83%,7:30,:),Ate late:Drank coffee:Drank tea,52,0
8/25/2022 21:57,8/26/2022 5:45,67%,7:48,:),Drank coffee,,0
8/26/2022 21:14,8/27/2022 5:45,90%,8:30,:),Drank coffee:Stressful day,,0
8/27/2022 21:19,8/28/2022 5:45,93%,8:26,:|,,60,0
8/28/2022 22:01,8/29/2022 6:00,85%,7:59,:),Drank coffee:Drank tea,62,0
8/30/2022 22:00,8/31/2022 6:00,84%,8:00,:),Drank coffee,66,0
8/31/2022 22:14,9/1/2022 6:00,77%,7:46,:),Drank coffee,,0
9/1/2022 22:00,9/2/2022 6:00,85%,7:59,:),Drank tea,65,0
9/2/2022 23:36,9/3/2022 7:10,77%,7:33,:),Drank coffee,57,0
9/5/2022 22:54,9/6/2022 6:59,87%,8:04,:),Drank coffee,,0
9/7/2022 22:45,9/8/2022 6:13,84%,7:27,:),Drank coffee:Drank tea,61,0
9/8/2022 22:03,9/9/2022 6:04,86%,8:01,:),Drank tea:Worked out,,0
9/9/2022 22:40,9/10/2022 6:10,83%,7:29,:),Drank coffee:Drank tea:Worked out,,0
9/10/2022 22:10,9/11/2022 4:57,77%,6:46,:),Drank coffee:Drank tea:Worked out,,0
9/12/2022 0:06,9/12/2022 7:41,81%,7:35,:),Drank coffee:Worked out,,0
9/13/2022 22:03,9/14/2022 5:50,81%,7:47,:),Drank coffee,,0
9/14/2022 22:33,9/15/2022 6:30,83%,7:56,:),Drank coffee:Stressful day:Worked out,,0
9/15/2022 22:14,9/16/2022 5:55,70%,7:40,:),Drank coffee:Worked out,,0
9/16/2022 21:59,9/17/2022 6:20,80%,8:20,:),Drank coffee:Drank tea:Worked out,59,0
9/17/2022 22:57,9/18/2022 6:20,60%,7:22,:),Drank coffee:Drank tea:Worked out,56,0
9/19/2022 0:31,9/19/2022 6:55,55%,6:23,:),Drank coffee,,0
9/19/2022 22:01,9/20/2022 6:48,91%,8:47,:),Drank coffee,,0
9/20/2022 22:07,9/21/2022 6:15,79%,8:08,:),Drank coffee:Drank tea:Worked out,55,0
9/22/2022 21:34,9/23/2022 6:15,81%,8:41,:),Drank coffee:Drank tea:Worked out,58,0
9/23/2022 21:37,9/24/2022 5:07,77%,7:29,:),Drank coffee:Drank tea:Worked out,49,0
9/24/2022 22:37,9/25/2022 6:00,83%,7:22,:),Ate late:Drank coffee:Drank tea:Worked out,,0
9/27/2022 22:57,9/28/2022 7:00,82%,8:02,:),Drank tea,61,0
9/28/2022 21:12,9/29/2022 5:15,90%,8:02,:),Drank tea:Worked out,60,0
9/29/2022 22:54,9/30/2022 6:20,89%,7:25,:),Ate late:Drank coffee:Drank tea:Worked out,58,0
9/30/2022 23:57,10/1/2022 6:14,62%,6:16,:),Drank coffee:Drank tea:Worked out,55,0
10/3/2022 0:09,10/3/2022 7:26,69%,7:17,:),Drank coffee:Worked out,57,0
10/11/2022 0:27,10/11/2022 8:58,100%,8:31,:),Drank coffee:Stressful day,50,0
10/12/2022 21:59,10/13/2022 6:00,74%,8:01,:),Ate late:Drank coffee:Drank tea:Worked out,,0
10/13/2022 22:19,10/14/2022 4:59,59%,6:40,:),Drank coffee:Worked out,,0
10/14/2022 5:00,10/14/2022 6:00,13%,1:00,:),,,0
10/14/2022 22:40,10/15/2022 6:20,68%,7:40,:),Drank tea:Worked out,65,0
10/15/2022 22:12,10/16/2022 6:21,67%,8:08,:),Drank coffee:Drank tea:Worked out,58,0
10/17/2022 0:45,10/17/2022 7:37,57%,6:51,:),Drank coffee:Drank tea,,0
10/18/2022 21:52,10/19/2022 6:20,67%,8:27,:|,Drank coffee,,0
10/20/2022 21:38,10/21/2022 6:20,88%,8:42,:|,Drank coffee:Drank tea,62,0
10/21/2022 22:41,10/22/2022 6:20,77%,7:39,:),Drank coffee:Drank tea,53,0
10/22/2022 21:46,10/23/2022 5:30,80%,7:44,:),Drank coffee:Drank tea:Worked out,70,0
10/24/2022 0:32,10/24/2022 8:12,77%,7:40,:),Drank coffee:Drank tea:Worked out,,0
10/24/2022 22:38,10/25/2022 6:33,81%,7:55,:),Drank coffee:Drank tea,,0
10/26/2022 23:09,10/27/2022 6:05,77%,6:55,:),Drank coffee:Drank tea,65,0
10/27/2022 21:34,10/28/2022 5:35,78%,8:01,:|,Drank coffee:Worked out,,0
10/28/2022 22:28,10/29/2022 6:20,83%,7:51,:|,Drank tea:Worked out,53,0
10/29/2022 22:30,10/30/2022 6:10,81%,7:40,:|,Drank tea:Worked out,57,0
10/31/2022 1:01,10/31/2022 7:50,50%,6:48,:),Drank coffee:Drank tea,,0
11/2/2022 22:00,11/3/2022 6:10,83%,8:09,:|,Drank coffee:Drank tea:Worked out,55,0
11/3/2022 22:46,11/4/2022 6:09,75%,7:23,:|,Drank coffee:Drank tea:Worked out,,0
11/4/2022 22:49,11/5/2022 6:00,65%,7:11,:|,Drank coffee:Drank tea:Worked out,,0
11/5/2022 21:36,11/6/2022 5:29,77%,7:52,:|,Drank coffee:Drank tea:Worked out,,0
11/7/2022 0:19,11/7/2022 8:13,93%,7:54,:),Drank coffee:Drank tea:Worked out,98,0
11/8/2022 23:28,11/9/2022 6:20,69%,6:52,:),Drank coffee:Drank tea,,0
11/9/2022 21:59,11/10/2022 5:41,88%,7:41,:),Drank coffee:Drank tea:Worked out,,0
11/10/2022 22:56,11/11/2022 6:28,83%,7:32,:),Drank coffee:Drank tea:Worked out,,0
11/11/2022 22:57,11/12/2022 6:20,72%,7:23,:),Drank coffee:Drank tea,,0
11/13/2022 22:59,11/14/2022 7:46,96%,8:46,:),Drank coffee:Drank tea,59,0
11/15/2022 22:17,11/16/2022 6:30,72%,8:13,:),Drank coffee:Drank tea,62,0
11/18/2022 22:07,11/19/2022 5:30,80%,7:23,:),Ate late:Drank coffee:Drank tea:Worked out,63,0
11/19/2022 23:10,11/20/2022 6:00,73%,6:50,:),Drank coffee:Drank tea:Worked out,62,0
11/22/2022 21:57,11/23/2022 5:30,83%,7:33,:),Drank tea,,0
11/23/2022 22:15,11/24/2022 5:00,74%,6:44,:),Drank coffee:Drank tea:Worked out,,0
11/24/2022 22:33,11/25/2022 6:30,87%,7:57,:),Drank coffee:Drank tea:Worked out,,0
11/25/2022 23:26,11/26/2022 6:20,69%,6:54,:),Drank coffee:Drank tea:Worked out,,0
11/26/2022 22:25,11/27/2022 6:20,81%,7:55,:),Drank coffee:Drank tea:Worked out,,0
11/28/2022 1:20,11/28/2022 7:46,58%,6:25,:),Drank coffee:Drank tea:Worked out,59,0
11/29/2022 22:20,11/30/2022 6:20,68%,7:59,:),Drank tea,,0
11/30/2022 21:23,12/1/2022 6:19,64%,8:55,:),Drank coffee:Drank tea:Worked out,,0
12/1/2022 23:03,12/2/2022 6:20,84%,7:17,:),Drank coffee:Drank tea:Worked out,57,0
12/2/2022 22:19,12/3/2022 5:11,75%,6:51,:),Drank coffee:Drank tea,,0
12/3/2022 22:51,12/4/2022 5:01,70%,6:09,:),Ate late:Drank coffee:Drank tea,,0
12/6/2022 22:10,12/7/2022 5:31,86%,7:20,:),Drank coffee:Drank tea,68,0
12/7/2022 21:20,12/8/2022 5:00,86%,7:40,:),Drank tea:Stressful day:Worked out,61,0
12/8/2022 22:17,12/9/2022 5:45,79%,7:28,:),Drank coffee:Drank tea:Stressful day:Worked out,,0
12/9/2022 21:57,12/10/2022 6:10,93%,8:13,:),Drank tea:Stressful day:Worked out,67,0
12/13/2022 0:08,12/13/2022 8:23,77%,8:14,:),Drank coffee,,0
12/13/2022 22:07,12/14/2022 6:09,80%,8:02,:),Drank coffee,52,0
12/15/2022 22:32,12/16/2022 6:10,75%,7:37,:),Drank coffee:Drank tea:Worked out,,0
12/16/2022 22:20,12/17/2022 5:40,84%,7:20,:),Drank coffee:Drank tea:Stressful day,,0
12/17/2022 21:07,12/18/2022 5:45,100%,8:37,:),Drank coffee:Drank tea:Worked out,,0
12/20/2022 22:19,12/21/2022 6:20,72%,8:00,:|,Drank coffee:Drank tea:Worked out,56,0
12/21/2022 22:06,12/22/2022 5:29,80%,7:23,:|,Drank coffee:Worked out,,0
12/22/2022 21:41,12/23/2022 5:43,82%,8:01,:),Drank coffee:Drank tea:Worked out,,0
12/23/2022 22:33,12/24/2022 6:01,79%,7:27,:),Drank coffee:Drank tea,,0
12/29/2022 22:44,12/30/2022 7:00,76%,8:16,:|,Drank coffee,,0
1/1/2016 23:53,1/2/2016 8:27,79%,8:33,:|,Drank coffee:Drank tea,71,0
1/2/2016 23:49,1/3/2016 8:13,85%,8:24,:),Drank coffee:Drank tea,65,0
1/3/2016 21:44,1/4/2016 5:35,69%,7:51,:),Drank coffee,,0
1/4/2016 22:17,1/5/2016 5:45,74%,7:28,:|,Drank coffee:Drank tea:Stressful day,,0
1/5/2016 22:18,1/6/2016 6:20,66%,8:01,:|,Drank coffee:Worked out,,0
1/13/2016 22:44,1/14/2016 6:20,72%,7:35,:|,Ate late:Drank coffee:Drank tea:Stressful day,,0
1/14/2016 22:10,1/15/2016 5:28,73%,7:17,:|,Drank coffee:Drank tea:Worked out,,0
1/17/2016 22:00,1/18/2016 5:30,76%,7:29,:|,Drank coffee:Drank tea:Worked out,,0
1/18/2016 21:56,1/19/2016 5:34,78%,7:38,,Ate late:Drank coffee:Drank tea,,0
1/19/2016 22:46,1/20/2016 6:35,75%,7:48,,Drank coffee:Drank tea:Worked out,,0
1/20/2016 21:13,1/21/2016 6:29,77%,9:15,,Drank coffee:Drank tea,,0
1/21/2016 21:33,1/22/2016 6:23,79%,8:50,,Drank coffee,,0
1/22/2016 22:17,1/23/2016 8:14,79%,9:57,,Drank coffee:Worked out,,0
1/24/2016 22:06,1/25/2016 6:30,85%,8:23,,Drank coffee:Drank tea:Worked out,,0
1/25/2016 22:27,1/26/2016 6:38,88%,8:10,,Drank coffee,,0
1/26/2016 22:58,1/27/2016 6:28,83%,7:29,,Drank coffee:Drank tea:Worked out,,0
1/27/2016 22:02,1/28/2016 5:23,84%,7:20,,Drank coffee:Drank tea:Worked out,,0
1/28/2016 22:11,1/29/2016 5:26,76%,7:15,,Drank coffee:Drank tea:Worked out,,0
1/29/2016 21:47,1/30/2016 6:06,88%,8:19,,Drank coffee:Drank tea:Worked out,,0
1/31/2016 22:58,2/1/2016 6:19,78%,7:20,,Drank coffee,,0
2/1/2016 22:02,2/2/2016 5:27,82%,7:25,,Drank coffee:Drank tea:Worked out,,0
2/2/2016 21:47,2/3/2016 5:20,72%,7:33,,Drank coffee:Worked out,,0
2/3/2016 22:54,2/4/2016 6:20,79%,7:26,,Drank coffee:Worked out,,0
2/4/2016 22:17,2/5/2016 6:53,74%,8:35,,Drank coffee:Stressful day:Worked out,,0
2/5/2016 23:45,2/6/2016 7:35,84%,7:50,,Drank coffee,,0
2/6/2016 22:55,2/7/2016 7:35,91%,8:40,,Drank tea,,0
2/8/2016 0:44,2/8/2016 7:45,68%,7:01,,Drank coffee:Drank tea,,0
2/8/2016 22:43,2/9/2016 6:40,77%,7:56,,Drank coffee:Drank tea:Worked out,,0
2/9/2016 21:57,2/10/2016 5:31,66%,7:33,,Drank coffee:Worked out,,0
2/13/2016 23:41,2/14/2016 5:11,38%,5:30,,Drank coffee,,0
2/14/2016 22:07,2/15/2016 5:53,84%,7:45,,Drank coffee:Stressful day,,0
2/15/2016 22:07,2/16/2016 5:25,76%,7:18,,Drank coffee:Worked out,,0
2/16/2016 22:20,2/17/2016 5:32,70%,7:12,,Drank coffee:Worked out,,0
2/17/2016 21:33,2/18/2016 6:24,90%,8:51,,Drank coffee:Stressful day:Worked out,,0
2/18/2016 22:47,2/19/2016 6:26,77%,7:39,,Drank coffee:Drank tea:Worked out,,0
2/20/2016 23:12,2/21/2016 7:41,69%,8:28,,Drank coffee,,0
2/22/2016 22:04,2/23/2016 6:23,85%,8:19,,Drank coffee,,0
2/23/2016 22:18,2/24/2016 6:25,94%,8:06,,Drank coffee:Worked out,,0
2/24/2016 21:59,2/25/2016 5:43,88%,7:44,,Drank tea:Worked out,,0
2/26/2016 0:15,2/26/2016 6:35,68%,6:20,,Drank tea:Worked out,,0
2/27/2016 23:33,2/28/2016 7:50,92%,8:17,,Drank coffee,,0
2/28/2016 22:19,2/29/2016 5:45,64%,7:25,,Drank tea,,0
2/29/2016 21:55,3/1/2016 6:22,78%,8:26,,Drank tea:Worked out,,0
3/1/2016 23:22,3/2/2016 5:50,70%,6:28,,Drank tea:Worked out,,0
3/2/2016 22:15,3/3/2016 6:21,95%,8:06,,Drank coffee:Drank tea:Worked out,,0
3/3/2016 22:01,3/4/2016 6:17,90%,8:16,,Drank tea:Worked out,,0
3/5/2016 23:20,3/6/2016 7:31,98%,8:11,,Drank tea,,0
3/6/2016 23:08,3/7/2016 6:19,70%,7:11,,Drank coffee:Drank tea,,0
3/7/2016 22:50,3/8/2016 6:22,75%,7:32,,Drank tea:Worked out,,0
3/8/2016 21:40,3/9/2016 6:25,91%,8:44,,Drank tea:Worked out,,0
3/9/2016 22:40,3/10/2016 5:49,79%,7:09,,Drank tea,,0
3/10/2016 21:35,3/11/2016 5:34,92%,7:58,,Drank tea:Worked out,,0
3/12/2016 1:33,3/12/2016 7:50,69%,6:17,,Drank coffee:Worked out,,0
3/12/2016 23:44,3/13/2016 7:51,83%,7:07,,Drank tea,,0
3/13/2016 22:47,3/14/2016 5:40,82%,6:53,,Drank tea:Worked out,,0
3/14/2016 22:16,3/15/2016 5:46,79%,7:29,,Drank tea:Worked out,,0
3/15/2016 22:41,3/16/2016 6:25,85%,7:43,,Drank coffee:Drank tea:Worked out,,0
3/16/2016 22:25,3/17/2016 7:05,90%,8:39,,Drank coffee:Worked out,,0
3/17/2016 22:46,3/18/2016 7:08,98%,8:22,,Drank coffee:Drank tea,,0
3/18/2016 22:17,3/19/2016 7:47,87%,9:30,,Drank coffee,,0
3/20/2016 22:13,3/21/2016 7:26,80%,9:13,,Drank coffee,,0
3/21/2016 22:37,3/22/2016 7:32,80%,8:54,,Drank coffee,,0
3/22/2016 21:22,3/23/2016 6:19,80%,8:56,,Drank coffee:Drank tea,,0
3/23/2016 22:06,3/24/2016 5:20,65%,7:13,,Drank coffee:Drank tea:Worked out,,0
3/27/2016 23:28,3/28/2016 7:30,82%,8:01,,Drank coffee,,0
3/28/2016 23:32,3/29/2016 6:29,75%,6:56,,Drank coffee:Stressful day:Worked out,,0
3/29/2016 23:12,3/30/2016 6:25,66%,7:13,,Drank coffee:Worked out,,0
3/30/2016 22:58,3/31/2016 6:25,58%,7:26,,Drank coffee:Drank tea:Worked out,,0
3/31/2016 22:47,4/1/2016 6:30,89%,7:42,,Drank coffee:Drank tea:Worked out,,0
4/2/2016 21:20,4/3/2016 7:08,86%,9:47,,Drank coffee,,0
4/3/2016 21:44,4/4/2016 6:24,67%,8:39,,Drank coffee,,0
4/4/2016 21:23,4/5/2016 6:29,62%,9:05,,Drank coffee,,0
4/5/2016 21:13,4/6/2016 6:24,81%,9:11,,Drank coffee:Worked out,,0
4/6/2016 23:00,4/7/2016 5:55,73%,6:55,,Drank coffee:Drank tea:Worked out,,0
4/7/2016 21:48,4/8/2016 5:49,81%,8:00,,Ate late:Drank coffee:Drank tea:Worked out,,0
4/9/2016 0:51,4/9/2016 7:21,53%,6:30,,Drank coffee:Drank tea:Worked out,,0
4/9/2016 22:59,4/10/2016 7:59,94%,9:00,,Drank coffee:Drank tea:Worked out,,0
4/10/2016 22:04,4/11/2016 5:16,67%,7:12,,Drank tea,,0
4/11/2016 22:35,4/12/2016 5:54,82%,7:19,,Drank coffee:Drank tea:Stressful day:Worked out,,0
4/12/2016 22:18,4/13/2016 5:52,85%,7:33,,Drank coffee:Drank tea:Worked out,,0
4/13/2016 22:27,4/14/2016 6:13,77%,7:45,,Drank coffee:Drank tea:Worked out,,0
4/14/2016 21:43,4/15/2016 6:24,94%,8:41,,Drank coffee:Drank tea:Stressful day:Worked out,,0
4/15/2016 22:38,4/16/2016 7:25,81%,8:47,,Drank coffee:Drank tea,,0
4/17/2016 21:34,4/18/2016 6:26,75%,8:52,,Drank coffee:Drank tea,,0
4/19/2016 21:21,4/20/2016 6:20,79%,8:59,,Drank coffee:Drank tea:Worked out,,0
4/20/2016 21:25,4/21/2016 5:35,81%,8:09,,Ate late:Drank coffee:Drank tea:Worked out,,0
4/21/2016 21:54,4/22/2016 5:35,79%,7:40,,,,0
4/22/2016 5:37,4/22/2016 6:20,9%,0:42,,,,0
4/23/2016 0:46,4/23/2016 7:54,65%,7:07,,Drank coffee:Drank tea:Worked out,,0
4/24/2016 22:30,4/25/2016 6:14,81%,7:43,,Drank tea,,0
4/25/2016 22:07,4/26/2016 5:39,87%,7:31,,Ate late:Drank coffee:Drank tea:Worked out,,0
4/26/2016 22:48,4/27/2016 6:20,74%,7:32,,Drank coffee:Drank tea:Worked out,,0
4/27/2016 22:24,4/28/2016 6:25,92%,8:01,,Drank coffee:Drank tea:Worked out,,0
4/28/2016 22:23,4/29/2016 6:17,95%,7:53,,Drank coffee:Drank tea:Worked out,,0
4/29/2016 22:47,4/30/2016 5:57,81%,7:09,,Drank coffee:Drank tea:Worked out,,0
5/1/2016 21:27,5/2/2016 6:15,95%,8:47,,Drank coffee:Worked out,,0
5/2/2016 21:50,5/3/2016 6:20,85%,8:29,,Drank coffee:Worked out,,0
5/3/2016 22:19,5/4/2016 6:20,79%,8:01,,Drank coffee:Worked out,,0
5/4/2016 22:16,5/5/2016 6:30,83%,8:13,,Drank coffee:Drank tea:Worked out,,0
5/5/2016 22:20,5/6/2016 6:15,89%,7:54,,Ate late:Drank coffee,,0
5/6/2016 23:07,5/7/2016 7:08,87%,8:00,,Drank coffee:Drank tea:Stressful day:Worked out,,0
5/7/2016 23:20,5/8/2016 7:12,93%,7:51,,Drank coffee:Drank tea,,0
5/8/2016 23:44,5/9/2016 6:20,74%,6:36,,Drank coffee:Drank tea,,0
5/9/2016 22:10,5/10/2016 5:41,83%,7:30,,Drank coffee:Drank tea:Worked out,,0
5/10/2016 23:10,5/11/2016 5:30,74%,6:20,,Drank coffee:Drank tea:Worked out,,0
5/11/2016 22:43,5/12/2016 6:25,80%,7:41,,Drank coffee:Drank tea:Worked out,,0
5/12/2016 23:50,5/13/2016 6:50,83%,6:59,,Drank coffee:Drank tea:Worked out,,0
5/13/2016 23:08,5/14/2016 7:53,100%,8:45,,Drank coffee:Drank tea:Worked out,,0
5/15/2016 21:34,5/16/2016 6:07,81%,8:33,,Drank tea,,0
5/16/2016 21:34,5/17/2016 6:15,85%,8:40,,Drank coffee:Worked out,,0
5/17/2016 20:53,5/18/2016 6:10,83%,9:16,,Drank coffee:Worked out,,0
5/18/2016 22:26,5/19/2016 5:40,79%,7:14,,Drank coffee:Stressful day,,0
5/20/2016 0:00,5/20/2016 6:30,76%,6:30,,Drank coffee:Worked out,,0
5/20/2016 23:14,5/21/2016 7:34,91%,8:19,,Drank coffee:Worked out,,0
5/23/2016 22:34,5/24/2016 5:30,75%,6:55,,Drank coffee,,0
5/24/2016 22:00,5/25/2016 5:35,90%,7:35,,Drank coffee:Worked out,,0
5/25/2016 22:21,5/26/2016 6:31,88%,8:09,,Drank coffee:Worked out,,0
5/26/2016 22:08,5/27/2016 6:19,89%,8:11,,Drank coffee:Worked out,,0
5/28/2016 0:19,5/28/2016 7:15,72%,6:56,,Drank coffee:Worked out,,0
5/29/2016 22:04,5/30/2016 6:40,100%,8:36,,Drank coffee,,0
5/30/2016 22:07,5/31/2016 6:08,72%,8:00,,Drank coffee:Stressful day,,0
5/31/2016 23:02,6/1/2016 6:31,70%,7:28,,Drank coffee:Worked out,,0
6/1/2016 23:01,6/2/2016 5:48,67%,6:46,,Drank coffee:Worked out,,0
6/2/2016 22:51,6/3/2016 5:31,65%,6:39,,Drank coffee:Worked out,,0
6/5/2016 22:33,6/6/2016 5:51,71%,7:18,,Worked out,,0
6/6/2016 23:26,6/7/2016 5:31,70%,6:05,,Drank coffee:Worked out,,0
6/7/2016 22:32,6/8/2016 5:32,77%,6:59,,Drank coffee:Worked out,,0
6/8/2016 21:56,6/9/2016 6:16,76%,8:20,,Drank coffee:Worked out,,0
6/9/2016 22:07,6/10/2016 6:35,87%,8:27,,Ate late:Drank coffee:Worked out,,0
6/11/2016 22:42,6/12/2016 8:41,93%,9:58,,Drank tea,,0
6/12/2016 22:52,6/13/2016 6:32,77%,7:39,,Drank tea,,0
6/13/2016 22:03,6/14/2016 6:26,82%,8:22,,Drank tea:Worked out,,0
6/14/2016 22:32,6/15/2016 6:30,68%,7:58,,Drank coffee:Drank tea,,0
6/16/2016 0:46,6/16/2016 6:25,64%,5:38,,Drank coffee:Drank tea:Worked out,,0
6/16/2016 22:06,6/17/2016 6:01,83%,7:54,,Drank coffee:Drank tea:Worked out,,0
6/17/2016 23:28,6/18/2016 7:23,79%,7:54,,Drank coffee:Drank tea:Worked out,,0
6/19/2016 23:00,6/20/2016 6:00,74%,6:59,,Drank coffee,,0
6/20/2016 22:34,6/21/2016 5:50,83%,7:15,,Drank coffee:Worked out,,0
6/21/2016 22:11,6/22/2016 5:40,83%,7:29,,Drank coffee:Worked out,,0
6/22/2016 22:41,6/23/2016 6:22,82%,7:41,,Drank coffee:Worked out,,0
6/23/2016 22:32,6/24/2016 6:32,86%,8:00,,Drank coffee:Worked out,,0
6/26/2016 22:16,6/27/2016 6:30,64%,8:14,,Drank coffee,,0
6/27/2016 23:48,6/28/2016 6:47,62%,6:58,,Drank coffee:Stressful day:Worked out,,0
6/28/2016 23:10,6/29/2016 6:35,77%,7:25,,Drank coffee:Worked out,,0
6/29/2016 22:32,6/30/2016 5:55,83%,7:23,,Drank coffee:Stressful day:Worked out,,0
7/1/2016 23:32,7/2/2016 7:32,90%,8:00,,Drank coffee,,0
7/3/2016 21:49,7/4/2016 6:02,86%,8:12,,,,0
7/4/2016 21:39,7/5/2016 5:50,85%,8:11,,Drank coffee:Worked out,,0
7/5/2016 22:48,7/6/2016 6:05,75%,7:16,,Drank coffee:Stressful day:Worked out,,0
7/6/2016 22:13,7/7/2016 6:15,92%,8:02,,Drank coffee:Worked out,,0
7/7/2016 22:53,7/8/2016 7:05,96%,8:12,,Drank coffee:Worked out,,0
7/10/2016 22:18,7/11/2016 6:17,85%,7:59,,Drank coffee,,0
7/11/2016 21:24,7/12/2016 6:15,99%,8:50,,Drank coffee:Worked out,,0
7/12/2016 22:02,7/13/2016 6:15,96%,8:13,,Drank coffee:Worked out,,0
7/13/2016 23:13,7/14/2016 6:15,78%,7:02,,Drank coffee:Worked out,,0
7/14/2016 22:39,7/15/2016 6:15,84%,7:35,,Drank coffee:Stressful day:Worked out,,0
7/16/2016 0:32,7/16/2016 8:19,87%,7:47,,Drank coffee:Worked out,,0
7/16/2016 23:20,7/17/2016 7:31,98%,8:10,,Drank coffee:Worked out,,0
7/17/2016 22:23,7/18/2016 6:00,76%,7:37,,Drank coffee:Worked out,,0
7/18/2016 22:57,7/19/2016 6:05,77%,7:08,,Drank coffee:Stressful day:Worked out,,0
7/19/2016 22:36,7/20/2016 5:50,77%,7:14,,Drank coffee:Worked out,,0
7/20/2016 22:25,7/21/2016 5:56,82%,7:30,,Drank coffee:Worked out,,0
7/21/2016 23:07,7/22/2016 7:00,87%,7:52,,Drank coffee:Worked out,,0
7/22/2016 22:20,7/23/2016 7:56,99%,9:35,,Drank coffee,,0
7/23/2016 23:47,7/24/2016 7:56,74%,8:09,,Drank coffee,,0
7/24/2016 22:45,7/25/2016 6:14,81%,7:28,,Drank coffee:Worked out,,0
7/25/2016 21:54,7/26/2016 6:02,86%,8:07,,Drank coffee:Worked out,,0
7/26/2016 23:03,7/27/2016 6:11,84%,7:07,,Drank coffee:Worked out,,0
7/27/2016 22:49,7/28/2016 7:11,95%,8:21,,Drank coffee:Stressful day:Worked out,,0
7/28/2016 22:25,7/29/2016 3:35,35%,5:10,,Drank coffee,,0
8/16/2016 22:05,8/17/2016 5:50,96%,7:44,,Drank coffee:Drank tea:Stressful day,,0
8/17/2016 22:42,8/18/2016 6:15,78%,7:33,,Ate late:Drank coffee:Worked out,,7200
8/18/2016 21:58,8/19/2016 6:23,36%,8:24,,Drank coffee:Worked out,,3444
8/20/2016 22:04,8/21/2016 8:33,56%,10:28,,Drank coffee,,7901
8/21/2016 22:08,8/22/2016 6:20,52%,8:11,,Drank coffee:Drank tea,,3786
8/22/2016 22:13,8/23/2016 6:22,35%,8:09,,Drank coffee:Worked out,,2668
8/23/2016 23:08,8/24/2016 6:38,51%,7:30,,Drank coffee:Worked out,,4213
8/24/2016 21:51,8/25/2016 6:10,54%,8:19,,Drank coffee:Worked out,,2210
8/25/2016 22:06,8/26/2016 6:19,55%,8:13,,Drank coffee:Worked out,,3040
8/26/2016 23:49,8/27/2016 7:26,46%,7:37,,Drank coffee:Worked out,,3887
8/27/2016 23:52,8/28/2016 8:25,48%,8:33,,Drank coffee,,5631
8/28/2016 22:52,8/29/2016 6:40,36%,7:48,,Drank coffee,,10059
8/29/2016 22:10,8/30/2016 6:20,40%,8:09,,Drank coffee:Worked out,,3698
8/30/2016 22:21,8/31/2016 6:20,49%,7:59,,Drank coffee:Worked out,,4399
8/31/2016 22:33,9/1/2016 6:20,49%,7:47,,Drank coffee:Worked out,,4015
9/1/2016 23:08,9/2/2016 5:58,54%,6:50,,Drank coffee:Worked out,,4374
9/2/2016 22:38,9/3/2016 7:47,67%,9:09,,Drank coffee,,5038
9/4/2016 23:28,9/5/2016 8:00,61%,8:32,,Drank coffee,,827
9/5/2016 21:00,9/6/2016 6:20,41%,9:20,,Drank tea:Worked out,,2542
9/6/2016 22:11,9/7/2016 6:22,70%,8:10,,Drank tea:Worked out,,7370
9/7/2016 22:31,9/8/2016 6:21,69%,7:50,,Drank tea:Worked out,,5658
9/8/2016 22:28,9/9/2016 6:10,61%,7:41,,Drank tea:Worked out,,7107
9/10/2016 0:45,9/10/2016 7:06,58%,6:21,,Drank coffee:Worked out,,7048
9/10/2016 22:44,9/11/2016 6:01,33%,7:17,,Drank tea,,6925
9/11/2016 23:05,9/12/2016 6:20,60%,7:14,,Drank coffee,,1130
9/12/2016 22:46,9/13/2016 6:20,67%,7:34,,Drank tea:Worked out,,7025
9/13/2016 21:55,9/14/2016 6:07,59%,8:12,,Drank tea:Worked out,,5955
9/14/2016 22:26,9/15/2016 6:20,65%,7:53,,Drank tea:Worked out,,9243
9/17/2016 22:26,9/18/2016 8:22,70%,9:56,,Drank coffee,,908
9/18/2016 22:28,9/19/2016 6:24,57%,7:55,,Drank coffee:Worked out,,2191
9/19/2016 22:14,9/20/2016 6:22,60%,8:07,,Drank tea:Worked out,,11650
9/20/2016 22:39,9/21/2016 6:15,57%,7:36,,Drank tea:Worked out,,10842
9/21/2016 22:11,9/22/2016 6:11,60%,7:59,,Drank tea,,5765
9/22/2016 22:26,9/23/2016 6:55,70%,8:29,,Drank tea:Worked out,,8047
9/25/2016 22:53,9/26/2016 6:24,58%,7:31,,Drank coffee:Drank tea:Worked out,,359
9/26/2016 22:17,9/27/2016 6:20,55%,8:03,,Drank tea:Stressful day:Worked out,,8733
9/27/2016 22:22,9/28/2016 6:06,55%,7:44,,Drank tea:Worked out,,6963
9/28/2016 23:10,9/29/2016 6:20,60%,7:09,,Drank coffee:Drank tea:Worked out,,10392
9/29/2016 22:50,9/30/2016 6:20,53%,7:29,,Drank coffee:Worked out,,7230
10/1/2016 0:06,10/1/2016 8:27,67%,8:20,,Drank coffee:Drank tea:Worked out,,7255
10/1/2016 23:23,10/2/2016 7:50,55%,8:26,,Drank coffee,,4555
10/2/2016 23:29,10/3/2016 6:25,54%,6:56,,Drank coffee:Drank tea,,8954
10/3/2016 22:24,10/4/2016 6:03,62%,7:38,,Drank coffee:Drank tea:Worked out,,9726
10/4/2016 21:53,10/5/2016 6:21,66%,8:28,,Drank tea:Worked out,,8587
10/5/2016 22:33,10/6/2016 6:21,54%,7:48,,Drank tea:Worked out,,8612
10/7/2016 0:07,10/7/2016 6:40,52%,6:33,,Drank tea:Worked out,,8737
10/7/2016 23:18,10/8/2016 7:20,71%,8:02,,Drank coffee:Drank tea:Worked out,,10375
10/10/2016 22:38,10/11/2016 6:28,59%,7:49,,Drank coffee:Drank tea:Worked out,,21870
10/11/2016 22:28,10/12/2016 6:14,56%,7:45,,Drank tea:Worked out,,10106
10/12/2016 22:48,10/13/2016 6:05,65%,7:16,,Drank coffee:Worked out,,9308
10/13/2016 22:26,10/14/2016 6:30,61%,8:04,,Drank coffee:Worked out,,8406
10/15/2016 23:00,10/16/2016 7:31,71%,8:30,,Drank coffee,,779
10/16/2016 22:52,10/17/2016 6:20,50%,7:27,,Drank coffee:Drank tea,,3932
10/17/2016 22:53,10/18/2016 6:27,63%,7:34,,Drank coffee:Drank tea:Worked out,,10266
10/18/2016 22:34,10/19/2016 6:10,67%,7:35,,Drank coffee:Stressful day:Worked out,,10540
10/19/2016 22:13,10/20/2016 5:49,64%,7:35,,Drank coffee:Worked out,,8164
10/20/2016 22:14,10/21/2016 6:33,67%,8:19,,Drank coffee:Drank tea:Worked out,,7271
10/22/2016 1:38,10/22/2016 7:18,54%,5:39,,Drank coffee:Drank tea,,6044
10/23/2016 0:07,10/23/2016 8:47,81%,8:40,,Drank coffee,,7682
10/23/2016 22:21,10/24/2016 6:23,66%,8:01,,Drank coffee:Drank tea,,6719
10/24/2016 23:04,10/25/2016 6:25,65%,7:21,,Drank coffee:Drank tea:Worked out,,8273
10/25/2016 22:48,10/26/2016 6:35,69%,7:46,,Drank tea:Worked out,,6366
10/26/2016 22:55,10/27/2016 6:26,72%,7:30,,Drank coffee:Drank tea:Worked out,,9368
10/27/2016 23:03,10/28/2016 6:35,63%,7:32,,Drank coffee:Drank tea:Worked out,,7967
10/29/2016 0:16,10/29/2016 7:51,66%,7:34,,Drank coffee:Drank tea,,8641
10/30/2016 22:46,10/31/2016 6:10,68%,7:23,,Drank coffee:Worked out,,1283
11/1/2016 22:19,11/2/2016 5:57,68%,7:37,,Drank tea:Stressful day:Worked out,,4542
11/2/2016 22:52,11/3/2016 6:30,72%,7:38,,Drank coffee:Drank tea:Stressful day,,2870
11/4/2016 0:13,11/4/2016 6:15,52%,6:01,,Drank coffee:Drank tea:Stressful day,,10506
11/4/2016 22:49,11/5/2016 7:58,80%,9:08,,Drank coffee:Stressful day,,6716
11/6/2016 21:58,11/7/2016 5:47,65%,7:49,,Drank coffee,,6623
11/7/2016 22:16,11/8/2016 5:51,70%,7:35,,Drank tea:Worked out,,6608
11/8/2016 22:51,11/9/2016 5:48,62%,6:56,,Drank coffee:Drank tea:Worked out,,7119
11/9/2016 22:37,11/10/2016 5:55,65%,7:17,,Drank coffee:Drank tea:Worked out,,8981
11/10/2016 23:58,11/11/2016 7:19,56%,7:20,,Drank coffee:Drank tea:Worked out,,7385
11/11/2016 23:25,11/12/2016 7:16,74%,7:51,,Drank coffee:Drank tea,,737
11/15/2016 22:14,11/16/2016 7:35,72%,9:20,,Drank tea,,5274
11/16/2016 23:10,11/17/2016 7:07,70%,7:56,,Drank coffee,,2670
11/17/2016 23:15,11/18/2016 6:59,73%,7:44,,Drank tea,,5825
11/18/2016 23:37,11/19/2016 7:13,70%,7:36,,Drank coffee:Drank tea,,5971
11/19/2016 23:47,11/20/2016 7:53,81%,8:05,,Drank tea,,1540
11/20/2016 23:00,11/21/2016 7:02,80%,8:01,,Drank coffee:Drank tea,,847
11/21/2016 22:38,11/22/2016 5:40,68%,7:01,,Drank coffee:Drank tea,,6149
11/22/2016 21:26,11/23/2016 5:40,80%,8:13,,Drank tea:Worked out,,10585
11/23/2016 22:44,11/24/2016 6:10,73%,7:25,,Drank coffee:Drank tea:Worked out,,10248
11/24/2016 22:00,11/25/2016 6:39,88%,8:39,,Drank tea:Worked out,,6536
11/25/2016 23:09,11/26/2016 7:40,89%,8:30,,Drank coffee:Drank tea,,5628
11/27/2016 22:01,11/28/2016 6:18,75%,8:16,,Drank tea,,595
11/28/2016 22:35,11/29/2016 6:26,83%,7:50,,Drank tea:Worked out,,7499
11/29/2016 23:33,11/30/2016 6:31,71%,6:57,,Drank tea,,3196
11/30/2016 21:12,12/1/2016 5:13,89%,8:01,,Drank coffee:Drank tea,,3763
12/1/2016 5:14,12/1/2016 6:38,17%,1:24,,,,3763
12/1/2016 21:40,12/2/2016 5:11,71%,7:31,,Drank tea,,4904
12/4/2016 1:18,12/4/2016 9:20,89%,8:02,,Drank coffee:Drank tea,,3158
12/4/2016 21:45,12/5/2016 5:45,78%,8:00,,Drank tea,,4514
12/5/2016 21:44,12/6/2016 5:40,79%,7:55,,Drank tea:Worked out,,7137
12/6/2016 22:13,12/7/2016 5:46,72%,7:32,,Drank tea:Worked out,,7709
12/7/2016 22:46,12/8/2016 6:19,82%,7:32,,Drank coffee:Drank tea:Worked out,,10521
12/8/2016 23:32,12/9/2016 6:47,69%,7:15,,Drank coffee:Drank tea:Worked out,,9338
12/9/2016 22:48,12/10/2016 8:11,79%,9:23,,Drank tea,,4629
12/11/2016 1:07,12/11/2016 8:27,82%,7:19,,Drank coffee:Worked out,,5776
12/11/2016 22:14,12/12/2016 6:16,85%,8:01,,Drank tea,,168
12/12/2016 22:56,12/13/2016 6:35,81%,7:38,,Drank coffee:Drank tea,,6964
12/13/2016 22:02,12/14/2016 6:05,83%,8:02,,Drank coffee:Drank tea:Worked out,,3448
12/14/2016 21:57,12/15/2016 6:18,74%,8:20,,Drank tea,,4114
12/15/2016 21:29,12/16/2016 5:00,75%,7:31,,Drank tea,,7112
12/18/2016 22:35,12/19/2016 5:47,78%,7:11,,Drank coffee:Drank tea,,3391
12/19/2016 21:49,12/20/2016 6:35,96%,8:46,,Drank tea,,2335
12/20/2016 23:48,12/21/2016 7:09,84%,7:20,,Drank tea,,7293
12/21/2016 23:56,12/22/2016 7:30,86%,7:33,,Drank coffee:Drank tea,,8488
12/22/2016 23:07,12/23/2016 7:07,74%,8:00,,Drank coffee:Drank tea:Stressful day,,5701
12/27/2016 23:17,12/28/2016 7:22,69%,8:05,,Drank coffee:Drank tea,,4509
12/30/2016 23:25,12/31/2016 8:26,92%,9:00,,Drank coffee:Drank tea,,3868
1/2/2017 22:35,1/3/2017 5:10,73%,6:34,,Drank coffee:Drank tea,,5216
1/3/2017 5:11,1/3/2017 6:30,17%,1:19,,,,5216
1/3/2017 21:47,1/4/2017 5:57,87%,8:09,,Drank tea,,3669
1/4/2017 22:40,1/5/2017 6:10,87%,7:29,,Drank coffee:Drank tea:Worked out,,10856
1/5/2017 22:39,1/6/2017 6:42,93%,8:02,,Drank tea:Worked out,,7787
1/6/2017 23:14,1/7/2017 8:43,90%,9:29,,Drank coffee:Drank tea,,10344
1/8/2017 0:34,1/8/2017 7:56,79%,7:22,,Drank tea,,3094
1/8/2017 22:07,1/9/2017 6:23,84%,8:16,,Drank tea,,202
1/9/2017 22:42,1/10/2017 6:40,65%,7:57,,Drank coffee:Drank tea,,7122
1/10/2017 22:20,1/11/2017 6:14,84%,7:54,,Drank coffee:Drank tea,,1734
1/11/2017 22:14,1/12/2017 5:22,73%,7:07,,Drank coffee:Drank tea,,2562
1/12/2017 22:13,1/13/2017 5:31,64%,7:17,,Ate late:Drank coffee:Drank tea,,8076
1/13/2017 23:27,1/14/2017 7:22,89%,7:54,,Drank tea:Worked out,,12802
1/15/2017 23:25,1/16/2017 6:58,74%,7:32,,Drank coffee:Drank tea:Worked out,,12258
1/16/2017 21:58,1/17/2017 5:11,71%,7:12,,Drank tea,,4540
1/17/2017 5:12,1/17/2017 7:20,24%,2:08,,,,4540
1/17/2017 22:23,1/18/2017 5:01,57%,6:37,,Drank tea,,173
1/18/2017 22:22,1/19/2017 6:31,76%,8:09,,Drank tea,,6368
1/19/2017 22:14,1/20/2017 6:30,92%,8:15,,Drank coffee:Drank tea,,1740
1/20/2017 23:07,1/21/2017 7:45,78%,8:38,,Drank tea,,5056
1/21/2017 23:12,1/22/2017 7:42,96%,8:29,,Drank tea,,4223
1/22/2017 22:03,1/23/2017 6:25,64%,8:22,,Drank tea,,4336
1/23/2017 22:34,1/24/2017 6:09,89%,7:35,,Drank coffee:Drank tea,,4772
1/24/2017 22:55,1/25/2017 6:13,84%,7:17,,Drank coffee:Drank tea,,3492
1/25/2017 20:54,1/26/2017 5:09,85%,8:15,,Drank tea:Worked out,,6010
1/26/2017 22:12,1/27/2017 4:58,54%,6:45,,Drank coffee:Drank tea:Worked out,,4200
1/27/2017 4:58,1/27/2017 6:40,21%,1:42,,,,4200
1/27/2017 23:22,1/28/2017 7:25,91%,8:02,,Drank coffee:Drank tea,,4573
1/30/2017 23:27,1/31/2017 6:01,63%,6:34,,Drank coffee,,3228
1/31/2017 22:44,2/1/2017 6:20,78%,7:36,,Drank coffee:Drank tea:Worked out,,5379
2/1/2017 22:41,2/2/2017 6:10,74%,7:29,,Drank coffee:Drank tea:Worked out,,7521
2/2/2017 22:19,2/3/2017 6:31,85%,8:11,,Drank coffee:Drank tea,,2309
2/3/2017 23:58,2/4/2017 7:08,80%,7:09,,Drank coffee:Drank tea,,2983
2/4/2017 23:45,2/5/2017 7:20,68%,7:35,,Drank coffee:Drank tea,,6833
2/5/2017 22:53,2/6/2017 6:30,75%,7:36,,Drank coffee:Drank tea,,7665
2/6/2017 22:30,2/7/2017 6:20,71%,7:50,,Ate late:Drank coffee:Drank tea:Worked out,,7552
2/7/2017 23:34,2/8/2017 6:30,71%,6:55,,Drank coffee:Drank tea,,5339
2/8/2017 23:46,2/9/2017 6:27,68%,6:40,,Drank coffee:Drank tea,,4076
2/9/2017 22:31,2/10/2017 5:00,62%,6:28,,Drank coffee:Drank tea:Stressful day:Worked out,,12892
2/10/2017 5:00,2/10/2017 6:36,21%,1:36,,,,12892
2/10/2017 22:37,2/11/2017 7:07,100%,8:30,,Drank tea,,3417
2/12/2017 21:49,2/13/2017 7:06,63%,9:16,,Drank coffee:Drank tea,,2756
2/13/2017 21:51,2/14/2017 5:02,74%,7:10,,Drank coffee:Drank tea,,6003
2/14/2017 5:02,2/14/2017 6:36,12%,1:33,,,,6003
2/14/2017 23:17,2/15/2017 6:13,59%,6:55,,Drank coffee:Drank tea,,3588
2/15/2017 22:36,2/16/2017 6:25,44%,7:48,,Drank coffee:Drank tea,,5558
2/16/2017 22:33,2/17/2017 6:31,83%,7:58,,Drank coffee:Drank tea,,3301
2/17/2017 23:49,2/18/2017 8:09,93%,8:20,,Drank coffee:Drank tea,,3027
2/19/2017 0:28,2/19/2017 8:16,79%,7:48,,Drank tea,,3361
2/19/2017 22:12,2/20/2017 6:16,66%,8:04,,Drank coffee:Drank tea,,460
2/20/2017 22:43,2/21/2017 6:27,76%,7:43,,Drank tea,,7419
2/21/2017 23:14,2/22/2017 6:26,72%,7:11,,Drank coffee:Drank tea,,5499
2/22/2017 21:30,2/23/2017 5:02,83%,7:31,,Drank tea,,4258
2/23/2017 22:15,2/24/2017 5:34,81%,7:19,,Drank coffee:Drank tea,,5862
2/24/2017 5:34,2/24/2017 6:30,12%,0:55,,,,5862
2/25/2017 2:46,2/25/2017 9:52,80%,7:06,,Ate late:Drank coffee:Drank tea:Worked out,,6388
2/26/2017 0:40,2/26/2017 7:47,77%,7:07,,Drank tea,,4275
2/27/2017 22:16,2/28/2017 5:50,81%,7:34,,Drank coffee,,2499
2/28/2017 21:39,3/1/2017 5:40,87%,8:01,,Drank coffee:Drank tea:Worked out,,7351
3/1/2017 5:43,3/1/2017 6:40,12%,0:57,,,,7351
3/1/2017 22:23,3/2/2017 6:30,85%,8:07,,Drank coffee:Drank tea,,6109
3/2/2017 22:22,3/3/2017 6:18,81%,7:55,,Drank coffee:Drank tea:Worked out,,6388
3/5/2017 0:12,3/5/2017 8:28,96%,8:16,,Drank coffee:Drank tea,,6785
3/5/2017 22:01,3/6/2017 6:08,93%,8:07,,Drank coffee:Drank tea,,171
3/6/2017 22:01,3/7/2017 6:22,97%,8:21,,Drank coffee:Drank tea,,4670
3/7/2017 22:13,3/8/2017 6:15,90%,8:01,,Drank coffee:Drank tea:Worked out,,7000
3/8/2017 21:13,3/9/2017 6:18,85%,9:05,,Drank coffee:Drank tea,,3744
3/9/2017 21:48,3/10/2017 5:01,71%,7:13,,Drank coffee:Drank tea:Worked out,,7028
3/10/2017 22:42,3/11/2017 6:57,86%,8:14,,Drank coffee:Drank tea,,2679
3/12/2017 22:39,3/13/2017 6:33,80%,7:53,,Drank coffee:Drank tea,,1572
3/13/2017 21:20,3/14/2017 5:02,81%,7:42,,Drank tea:Worked out,,6212
3/14/2017 21:06,3/15/2017 5:23,89%,8:17,,Drank tea:Worked out,,5933
3/15/2017 22:33,3/16/2017 6:17,71%,7:44,,Drank coffee:Drank tea:Worked out,,9185
3/16/2017 22:33,3/17/2017 6:37,95%,8:04,,Drank coffee:Drank tea:Worked out,,7887
3/17/2017 22:55,3/18/2017 8:02,99%,9:07,,Drank coffee:Drank tea,,10528
3/18/2017 22:26,3/19/2017 7:21,89%,8:54,,Drank tea,,302
3/20/2017 0:02,3/20/2017 7:20,79%,7:18,,Drank coffee:Drank tea,,2750
3/20/2017 23:35,3/21/2017 7:16,88%,7:41,,Drank coffee:Drank tea,,3695
3/21/2017 23:20,3/22/2017 6:21,79%,7:01,,Drank coffee:Drank tea,,1913
3/22/2017 22:02,3/23/2017 5:15,72%,7:12,,Drank tea:Worked out,,7155
3/23/2017 22:20,3/24/2017 5:41,76%,7:21,,Drank coffee:Drank tea:Worked out,,7810
3/25/2017 23:19,3/26/2017 7:16,100%,7:56,,Drank coffee:Drank tea,,3549
3/26/2017 22:03,3/27/2017 5:33,83%,7:29,,Drank coffee:Drank tea:Worked out,,3554
3/27/2017 21:19,3/28/2017 5:42,78%,8:22,,Drank tea:Worked out,,7562
3/28/2017 22:29,3/29/2017 5:41,78%,7:11,,Drank coffee:Drank tea:Worked out,,7823
3/29/2017 22:29,3/30/2017 6:04,79%,7:34,,Drank coffee:Drank tea:Worked out,,7708
3/30/2017 22:42,3/31/2017 7:33,93%,8:51,,Drank coffee:Drank tea:Worked out,,8615
4/1/2017 2:10,4/1/2017 8:37,80%,6:27,,Drank coffee:Drank tea,,9461
4/1/2017 21:22,4/2/2017 7:16,95%,9:54,,Drank tea,,4595
4/2/2017 22:01,4/3/2017 6:20,90%,8:19,,Drank coffee:Drank tea:Worked out,,2835
4/3/2017 21:58,4/4/2017 6:01,92%,8:03,,Drank tea,,1898
4/4/2017 22:01,4/5/2017 6:11,81%,8:09,,Drank tea:Worked out,,8396
4/5/2017 23:45,4/6/2017 6:20,73%,6:35,,Drank coffee:Drank tea:Worked out,,7948
4/6/2017 23:12,4/7/2017 6:20,68%,7:07,,Drank coffee:Drank tea:Worked out,,14408
4/8/2017 0:00,4/8/2017 7:30,75%,7:29,,Drank coffee:Drank tea:Worked out,,8646
4/10/2017 0:52,4/10/2017 6:32,65%,5:40,,Drank coffee,,771
4/10/2017 22:21,4/11/2017 5:41,70%,7:19,,Drank tea:Worked out,,11355
4/11/2017 6:03,4/11/2017 6:31,6%,0:27,,,,0
4/11/2017 22:39,4/12/2017 5:55,67%,7:16,,,,4153
4/12/2017 21:42,4/13/2017 6:54,74%,9:11,,Drank tea,,1318
4/13/2017 23:52,4/14/2017 8:05,83%,8:12,,Drank coffee:Drank tea,,889
4/14/2017 21:45,4/15/2017 7:52,88%,10:07,,Drank tea,,4787
4/15/2017 23:23,4/16/2017 7:05,73%,7:42,,Drank tea,,4581
4/17/2017 0:06,4/17/2017 7:51,83%,7:44,,Drank coffee:Drank tea,,1510
4/17/2017 22:12,4/18/2017 5:54,66%,7:41,,Drank coffee:Drank tea,,780
4/18/2017 22:43,4/19/2017 6:20,59%,7:36,,Drank coffee:Drank tea:Worked out,,6284
4/19/2017 21:39,4/20/2017 5:30,75%,7:51,,,,8213
4/20/2017 22:15,4/21/2017 5:41,75%,7:26,,Drank coffee:Drank tea:Worked out,,7905
4/21/2017 22:36,4/22/2017 7:46,83%,9:09,,Drank coffee:Drank tea:Worked out,,8072
4/23/2017 0:53,4/23/2017 8:38,86%,7:44,,Drank coffee:Drank tea,,2666
4/23/2017 22:31,4/24/2017 6:31,75%,7:59,,Drank coffee,,3042
4/24/2017 23:07,4/25/2017 6:34,72%,7:27,,Drank coffee:Drank tea:Worked out,,10319
4/25/2017 22:20,4/26/2017 6:20,85%,8:00,,Drank coffee:Drank tea:Worked out,,8358
4/26/2017 22:25,4/27/2017 6:32,68%,8:06,,Drank coffee:Drank tea:Worked out,,7337
4/27/2017 22:48,4/28/2017 6:40,64%,7:51,,Drank coffee:Drank tea:Worked out,,6551
4/28/2017 23:39,4/29/2017 8:17,90%,8:37,,Drank coffee:Drank tea:Stressful day,,3357
4/29/2017 23:39,4/30/2017 7:23,74%,7:43,,Drank coffee:Drank tea,,2668
4/30/2017 22:28,5/1/2017 6:16,72%,7:47,,Drank coffee:Drank tea:Worked out,,7491
5/1/2017 22:00,5/2/2017 6:17,74%,8:16,,Drank coffee:Drank tea:Worked out,,11475
5/2/2017 21:47,5/3/2017 6:04,77%,8:16,,Drank coffee:Drank tea:Worked out,,4810
5/3/2017 22:59,5/4/2017 6:20,59%,7:21,,Drank coffee:Drank tea:Worked out,,6932
5/4/2017 22:37,5/5/2017 6:10,73%,7:32,,Drank coffee:Drank tea:Worked out,,5954
5/6/2017 0:25,5/6/2017 7:45,83%,7:20,,Drank coffee:Drank tea:Worked out,,11070
5/7/2017 21:51,5/8/2017 6:10,81%,8:18,,Drank coffee,,4310
5/8/2017 22:28,5/9/2017 6:11,66%,7:43,,Drank coffee:Drank tea:Worked out,,8598
5/9/2017 23:33,5/10/2017 6:03,64%,6:29,,Drank coffee:Drank tea:Worked out,,6073
5/10/2017 6:04,5/10/2017 7:45,18%,1:40,,,,0
5/10/2017 22:43,5/11/2017 6:16,82%,7:32,,Drank coffee:Drank tea,,2854
5/11/2017 21:52,5/12/2017 6:40,95%,8:47,,Drank coffee:Drank tea:Worked out,,4280
5/13/2017 0:42,5/13/2017 7:41,73%,6:59,,Drank coffee:Drank tea:Worked out,,4068
5/14/2017 0:04,5/14/2017 8:11,73%,8:06,,Drank tea,,3298
5/14/2017 21:57,5/15/2017 6:20,77%,8:22,,Drank coffee:Drank tea,,3958
5/15/2017 22:55,5/16/2017 6:30,75%,7:34,,Drank coffee:Drank tea:Worked out,,7661
5/16/2017 22:41,5/17/2017 6:17,73%,7:36,,Drank tea,,1865
5/17/2017 22:44,5/18/2017 6:40,90%,7:56,,Drank coffee:Drank tea:Worked out,,6764
5/18/2017 23:17,5/19/2017 6:27,88%,7:10,,Drank coffee:Drank tea:Stressful day:Worked out,,82
5/20/2017 1:04,5/20/2017 8:56,73%,7:52,,Drank coffee:Drank tea:Worked out,,5606
5/22/2017 22:29,5/23/2017 7:35,90%,9:06,,Drank tea:Worked out,,8858
5/24/2017 0:14,5/24/2017 7:46,70%,7:32,,Drank coffee:Worked out,,14276
5/24/2017 22:09,5/25/2017 6:37,82%,8:28,,Drank tea:Worked out,,3884
5/25/2017 22:19,5/26/2017 6:24,73%,8:04,,Drank tea:Worked out,,4565
5/28/2017 0:18,5/28/2017 8:01,81%,7:43,,Drank coffee:Worked out,,3770
5/28/2017 22:37,5/29/2017 6:18,75%,7:41,,Drank coffee,,1450
5/29/2017 22:28,5/30/2017 6:11,88%,7:42,,Drank coffee:Stressful day:Worked out,,7711
5/30/2017 21:59,5/31/2017 6:20,75%,8:21,,Ate late:Drank coffee:Worked out,,6430
5/31/2017 22:26,6/1/2017 5:45,86%,7:19,,Drank coffee:Drank tea:Worked out,,6964
6/1/2017 22:59,6/2/2017 6:40,80%,7:41,,Drank coffee:Drank tea:Worked out,,4562
6/2/2017 22:05,6/3/2017 6:11,69%,8:05,,Drank coffee:Drank tea,,1867
6/3/2017 21:56,6/4/2017 7:13,72%,9:16,,Drank coffee:Worked out,,8205
6/4/2017 23:14,6/5/2017 6:21,67%,7:06,,Drank coffee,,6705
6/5/2017 22:30,6/6/2017 6:17,74%,7:47,,Drank coffee:Worked out,,7820
6/6/2017 21:38,6/7/2017 5:53,76%,8:14,,Drank coffee:Drank tea:Stressful day:Worked out,,5391
6/7/2017 22:54,6/8/2017 6:34,41%,7:40,,Drank coffee:Drank tea:Worked out,,10542
6/8/2017 21:47,6/9/2017 6:17,70%,8:30,,Drank tea,,255
6/10/2017 0:07,6/10/2017 7:55,67%,7:47,,,,10427
6/11/2017 22:18,6/12/2017 6:10,78%,7:52,,,,6507
6/12/2017 21:44,6/13/2017 6:17,93%,8:32,,,,10373
6/13/2017 22:18,6/14/2017 6:12,74%,7:54,,,,9204
6/14/2017 22:34,6/15/2017 6:13,68%,7:38,,,,5027
6/15/2017 22:19,6/16/2017 6:07,76%,7:48,,,,7106
6/18/2017 5:01,6/18/2017 7:34,31%,2:33,,,,12153
6/18/2017 7:35,6/18/2017 8:09,7%,0:34,,,,804
6/18/2017 22:22,6/19/2017 6:02,66%,7:39,,,,5251
6/19/2017 22:57,6/20/2017 6:24,70%,7:26,,,,6672
6/20/2017 22:31,6/21/2017 6:15,77%,7:43,,,,7007
6/21/2017 6:16,6/21/2017 7:03,10%,0:47,,,,0
6/21/2017 22:32,6/22/2017 6:10,72%,7:37,,,,4898
6/22/2017 23:37,6/23/2017 6:38,59%,7:00,,,,7064
6/23/2017 23:26,6/24/2017 7:11,74%,7:44,,,,114
6/25/2017 22:08,6/26/2017 6:18,83%,8:10,,,,3403
6/26/2017 21:24,6/27/2017 6:15,90%,8:51,,,,6043
6/27/2017 21:52,6/28/2017 6:33,86%,8:41,,,,8946
6/28/2017 21:53,6/29/2017 6:21,69%,8:28,,,,7778
6/29/2017 22:32,6/30/2017 6:33,77%,8:00,,,,5510
7/3/2017 0:31,7/3/2017 7:44,81%,7:12,,,,17770
7/3/2017 22:37,7/4/2017 6:18,73%,7:41,,,,10604
7/4/2017 22:07,7/5/2017 5:55,74%,7:48,,,,7474
7/5/2017 21:48,7/6/2017 5:43,66%,7:55,,,,6430
7/6/2017 22:33,7/7/2017 6:31,73%,7:57,,,,11076
7/9/2017 22:36,7/10/2017 5:59,70%,7:22,,,,12647
7/10/2017 22:25,7/11/2017 6:01,74%,7:35,,,,4260
7/11/2017 21:39,7/12/2017 6:06,65%,8:26,,,,5504
7/12/2017 23:12,7/13/2017 6:25,67%,7:13,,,,6915
7/13/2017 22:30,7/14/2017 6:45,81%,8:14,,,,3919
7/15/2017 1:10,7/15/2017 7:54,78%,6:43,,,,5342
7/16/2017 2:12,7/16/2017 7:53,69%,5:40,,,,3739
7/16/2017 22:08,7/17/2017 6:25,70%,8:17,,,,5925
7/17/2017 22:51,7/18/2017 6:17,71%,7:26,,,,4840
7/18/2017 22:00,7/19/2017 6:39,84%,8:39,,,,5157
7/19/2017 21:45,7/20/2017 5:55,87%,8:09,,,,4336
7/22/2017 1:06,7/22/2017 7:54,68%,6:48,,,,135
7/22/2017 23:13,7/23/2017 7:10,78%,7:57,,,,5579
7/23/2017 21:57,7/24/2017 5:49,84%,7:51,,,,3901
7/25/2017 5:34,7/25/2017 5:55,5%,0:21,,,,6485
7/25/2017 22:04,7/26/2017 5:48,87%,7:43,,,,5451
7/26/2017 22:29,7/27/2017 6:05,74%,7:35,,,,2899
7/27/2017 21:53,7/28/2017 5:50,51%,7:57,,,,1552
7/28/2017 23:29,7/29/2017 6:22,38%,6:53,,,,5221
7/29/2017 22:00,7/30/2017 6:50,72%,8:49,,,,3834
7/30/2017 23:20,7/31/2017 6:33,89%,7:12,,,,1018
7/31/2017 22:39,8/1/2017 6:19,82%,7:39,,,,1837
8/1/2017 23:15,8/2/2017 6:10,77%,6:54,,,,893
8/2/2017 22:32,8/3/2017 6:06,81%,7:33,,,,5280
8/3/2017 23:14,8/4/2017 6:32,80%,7:18,,,,3584
8/4/2017 22:59,8/5/2017 7:31,76%,8:31,,,,1114
8/5/2017 23:37,8/6/2017 7:38,81%,8:00,,,,5152
8/6/2017 23:03,8/7/2017 8:12,99%,9:08,,,,3045
8/7/2017 23:14,8/8/2017 7:41,73%,8:26,,,,2429
8/8/2017 22:34,8/9/2017 6:05,81%,7:31,,,,7187
8/9/2017 23:22,8/10/2017 5:53,59%,6:30,,,,4488
8/12/2017 22:58,8/13/2017 6:40,79%,7:42,,,,5541
8/13/2017 22:46,8/14/2017 5:51,58%,7:04,,,,6246
8/14/2017 22:32,8/15/2017 5:51,67%,7:18,,,,7940
8/15/2017 21:56,8/16/2017 6:30,83%,8:34,,,,5029
8/16/2017 22:01,8/17/2017 5:29,81%,7:27,,,,9185
8/17/2017 20:36,8/18/2017 4:53,35%,8:16,,,,7581
8/25/2017 23:37,8/26/2017 6:38,30%,7:00,,,,10605
8/27/2017 22:15,8/28/2017 7:00,94%,8:44,,,,13476
8/28/2017 22:03,8/29/2017 7:20,82%,9:17,,,,3921
8/30/2017 23:01,8/31/2017 6:38,74%,7:37,,,,3332
8/31/2017 23:01,9/1/2017 7:16,81%,8:15,,,,3001
9/1/2017 22:33,9/2/2017 7:38,89%,9:04,,,,7268
9/3/2017 0:46,9/3/2017 8:08,81%,7:21,,,,4835
9/3/2017 23:07,9/4/2017 7:22,84%,8:14,,,,3230
9/4/2017 22:49,9/5/2017 6:07,59%,7:17,,,,1333
9/5/2017 22:38,9/6/2017 6:08,81%,7:30,,,,8922
9/6/2017 22:02,9/7/2017 6:02,79%,7:59,,,,5095
9/7/2017 22:26,9/8/2017 6:05,77%,7:39,,,,5470
9/9/2017 21:24,9/10/2017 6:13,74%,8:48,,,,2257
9/11/2017 22:39,9/12/2017 6:06,56%,7:27,,,,12094
9/12/2017 22:03,9/13/2017 6:08,86%,8:04,,,,6059
9/13/2017 23:43,9/14/2017 6:32,55%,6:48,,,,6075
9/14/2017 22:06,9/15/2017 6:05,79%,7:59,,,,4400
9/16/2017 0:18,9/16/2017 8:51,91%,8:33,,,,4880
9/17/2017 22:50,9/18/2017 6:32,71%,7:41,,,,7213
9/18/2017 22:19,9/19/2017 6:04,69%,7:44,,,,3640
9/19/2017 22:16,9/20/2017 6:04,76%,7:47,,,,5184
9/20/2017 22:04,9/21/2017 6:06,65%,8:02,,,,4443
9/21/2017 22:23,9/22/2017 6:07,72%,7:44,,,,5242
9/24/2017 21:44,9/25/2017 5:57,80%,8:13,,,,5142
9/25/2017 22:17,9/26/2017 6:19,73%,8:01,,,,5050
9/26/2017 23:01,9/27/2017 5:49,66%,6:47,,,,1706
9/27/2017 22:06,9/28/2017 6:08,83%,8:02,,,,10076
9/28/2017 23:36,9/29/2017 6:41,75%,7:04,,,,5320
9/29/2017 23:14,9/30/2017 8:00,80%,8:46,,,,2809
10/1/2017 0:03,10/1/2017 7:36,79%,7:33,,,,6235
10/1/2017 21:44,10/2/2017 6:05,69%,8:21,,,,2757
10/2/2017 22:55,10/3/2017 6:00,76%,7:05,,,,5551
10/3/2017 21:41,10/4/2017 6:25,96%,8:44,,,,3729
10/4/2017 22:44,10/5/2017 6:05,75%,7:20,,,,7101
10/5/2017 21:24,10/6/2017 4:37,76%,7:13,,,,4906
10/6/2017 22:56,10/7/2017 7:44,55%,8:47,,,,4507
10/7/2017 21:57,10/8/2017 8:05,71%,10:07,,,,1588
10/9/2017 22:27,10/10/2017 6:10,79%,7:42,,,,3951
10/10/2017 22:23,10/11/2017 6:00,80%,7:36,,,,5912
10/11/2017 22:32,10/12/2017 6:10,71%,7:38,,,,5314
10/12/2017 22:22,10/13/2017 6:37,79%,8:14,,,,3240
10/13/2017 23:03,10/14/2017 8:15,88%,9:11,,,,356
10/14/2017 22:58,10/15/2017 7:24,80%,8:25,,,,388
10/15/2017 22:47,10/16/2017 5:56,69%,7:09,,,,4287
10/16/2017 21:51,10/17/2017 6:01,74%,8:09,,,,7129
10/17/2017 21:41,10/18/2017 6:02,78%,8:21,,,,3342
10/19/2017 0:01,10/19/2017 6:02,60%,6:00,,,,4074
10/19/2017 21:13,10/20/2017 6:14,100%,9:00,,,,907
10/21/2017 0:05,10/21/2017 7:57,89%,7:51,,,,5899
10/22/2017 0:25,10/22/2017 7:45,79%,7:20,,,,71
10/22/2017 21:50,10/23/2017 6:00,82%,8:10,,,,5210
10/23/2017 22:18,10/24/2017 6:01,65%,7:42,,,,6636
10/24/2017 22:15,10/25/2017 6:06,83%,7:51,,,,5355
10/25/2017 21:55,10/26/2017 6:00,65%,8:05,,,,4119
10/27/2017 1:50,10/27/2017 6:51,59%,5:01,,,,5364
10/28/2017 22:51,10/29/2017 7:51,91%,9:00,,,,1097
10/29/2017 22:26,10/30/2017 6:00,78%,7:34,,,,1430
10/30/2017 22:52,10/31/2017 5:43,62%,6:51,,,,7603
10/31/2017 23:29,11/1/2017 5:02,49%,5:33,,,,9304
11/2/2017 21:25,11/3/2017 6:21,74%,8:56,,,,5051
11/3/2017 23:23,11/4/2017 7:26,89%,8:02,,,,787
11/5/2017 22:30,11/6/2017 6:05,70%,7:35,,,,5504
11/6/2017 22:08,11/7/2017 5:58,75%,7:49,,,,3709
11/7/2017 21:01,11/8/2017 5:45,90%,8:43,,,,144
11/8/2017 23:11,11/9/2017 6:30,76%,7:18,,,,6094
11/9/2017 22:04,11/10/2017 7:15,96%,9:11,,,,847
11/10/2017 23:29,11/11/2017 7:21,83%,7:51,,,,5919
11/11/2017 23:06,11/12/2017 7:18,84%,8:11,,,,1751
11/12/2017 23:39,11/13/2017 8:30,79%,8:50,,,,3789
11/14/2017 21:16,11/15/2017 6:50,93%,9:34,,,,52
11/15/2017 21:23,11/16/2017 6:51,85%,9:27,,,,27
11/16/2017 22:33,11/17/2017 6:07,80%,7:34,,,,430
11/17/2017 23:08,11/18/2017 7:20,91%,8:11,,,,3281
11/19/2017 21:58,11/20/2017 6:02,82%,8:04,,,,4153
11/20/2017 22:26,11/21/2017 6:00,86%,7:33,,,,6494
11/21/2017 22:26,11/22/2017 5:57,68%,7:31,,,,9426
11/22/2017 22:34,11/23/2017 6:01,80%,7:26,,,,7565
11/23/2017 22:56,11/24/2017 6:30,80%,7:33,,,,5735
11/25/2017 23:14,11/26/2017 8:19,100%,9:05,,,,5116
11/26/2017 22:10,11/27/2017 6:05,63%,7:55,,,,27
11/27/2017 22:36,11/28/2017 5:58,73%,7:22,,,,0
11/28/2017 22:54,11/29/2017 6:09,80%,7:14,,,,6417
11/29/2017 22:33,11/30/2017 6:26,83%,7:52,,,,0
11/30/2017 20:54,12/1/2017 5:55,77%,9:01,,,,0
12/3/2017 23:10,12/4/2017 6:15,63%,7:05,,,,3400
12/4/2017 21:20,12/5/2017 5:50,70%,8:29,,,,6015
12/5/2017 22:56,12/6/2017 6:15,68%,7:19,,,,3179
12/6/2017 21:56,12/7/2017 5:50,63%,7:53,,,,6346
12/7/2017 22:04,12/8/2017 6:31,82%,8:27,,,,218
12/9/2017 23:39,12/10/2017 8:15,95%,8:35,,,,0
12/10/2017 22:16,12/11/2017 6:06,70%,7:49,,,,96
12/11/2017 21:47,12/12/2017 5:57,68%,8:09,,,,7339
12/12/2017 22:09,12/13/2017 5:55,72%,7:45,,,,6970
12/14/2017 22:47,12/15/2017 5:51,60%,7:04,,,,1566
12/17/2017 21:35,12/18/2017 6:08,80%,8:33,,,,5184
12/18/2017 21:39,12/19/2017 6:05,79%,8:26,,,,75
12/19/2017 22:05,12/20/2017 6:25,79%,8:20,,,,3088
12/20/2017 21:30,12/21/2017 5:52,59%,8:22,,,,4553
12/21/2017 22:10,12/22/2017 6:55,75%,8:44,,,,1306
12/26/2017 21:19,12/27/2017 7:55,97%,10:35,,,,373
12/29/2017 0:06,12/29/2017 7:57,75%,7:50,,,,5168
12/29/2017 22:00,12/30/2017 8:08,75%,10:08,,,,61
1/1/2018 21:30,1/2/2018 5:56,81%,8:25,,,,2544
1/2/2018 22:31,1/3/2018 5:48,76%,7:17,,,,475
1/3/2018 20:28,1/4/2018 3:40,0%,0:00,,,,47
1/4/2018 22:19,1/5/2018 7:25,91%,9:05,,,,5064
1/6/2018 23:13,1/7/2018 8:00,86%,8:46,,,,2101
1/7/2018 22:09,1/8/2018 6:10,83%,8:01,,,,1334
1/8/2018 22:53,1/9/2018 5:45,77%,6:51,,,,2262
1/9/2018 22:22,1/10/2018 6:23,90%,8:01,,,,4529
1/10/2018 21:31,1/11/2018 5:10,71%,7:38,,,,6224
1/11/2018 21:54,1/12/2018 5:01,70%,7:06,,,,47
1/12/2018 21:50,1/13/2018 7:38,70%,9:48,,,,6296
1/13/2018 22:07,1/14/2018 7:09,64%,9:02,,,,2405
1/14/2018 22:02,1/15/2018 5:50,73%,7:48,,,,9237
1/15/2018 22:45,1/16/2018 6:00,79%,7:15,,,,2818
1/16/2018 22:09,1/17/2018 6:01,71%,7:51,,,,5752
1/17/2018 22:45,1/18/2018 6:12,84%,7:27,,,,6631
1/18/2018 22:46,1/19/2018 6:48,59%,8:02,,,,9516
1/19/2018 22:21,1/20/2018 8:22,71%,10:01,,,,4454
1/20/2018 23:44,1/21/2018 7:01,67%,7:17,,,,7253
1/21/2018 22:04,1/22/2018 6:01,84%,7:56,,,,22
1/22/2018 23:15,1/23/2018 6:00,66%,6:44,,,,2334
1/23/2018 21:41,1/24/2018 6:00,73%,8:18,,,,2867
1/24/2018 20:58,1/25/2018 6:02,84%,9:03,,,,4881
1/25/2018 23:17,1/26/2018 6:00,72%,6:43,,,,2149
1/26/2018 22:13,1/27/2018 7:20,92%,9:07,,,,1720
1/28/2018 1:21,1/28/2018 8:49,81%,7:27,,,,6518
1/28/2018 21:30,1/29/2018 5:00,69%,7:29,,,,29
1/29/2018 21:37,1/30/2018 6:01,79%,8:23,,,,107
1/30/2018 22:18,1/31/2018 6:03,77%,7:44,,,,5277
1/31/2018 22:29,2/1/2018 6:02,72%,7:32,,,,1325
2/1/2018 21:25,2/2/2018 6:45,80%,9:20,,,,3319
2/3/2018 2:20,2/3/2018 7:44,65%,5:23,,,,4810
2/3/2018 8:32,2/3/2018 9:08,8%,0:36,,,,166
2/3/2018 22:29,2/4/2018 7:37,96%,9:08,,,,362
2/4/2018 23:09,2/5/2018 6:01,72%,6:52,,,,2528
2/5/2018 22:02,2/6/2018 6:00,78%,7:58,,,,7982
2/6/2018 21:44,2/7/2018 6:12,82%,8:28,,,,5039
2/7/2018 23:18,2/8/2018 6:48,73%,7:29,,,,2435
2/8/2018 22:41,2/9/2018 6:00,93%,7:18,,,,68
2/9/2018 23:07,2/10/2018 7:26,76%,8:18,,,,5598
2/11/2018 22:44,2/12/2018 7:08,91%,8:24,,,,1901
2/12/2018 21:54,2/13/2018 7:02,91%,9:08,,,,56
2/13/2018 23:49,2/14/2018 7:00,81%,7:11,,,,64
2/14/2018 21:24,2/15/2018 6:20,71%,8:56,,,,3316
2/15/2018 21:36,2/16/2018 6:50,80%,9:13,,,,6555
2/16/2018 22:52,2/17/2018 7:48,91%,8:55,,,,2291
